1,UpperFace
2,UpperFace
3,UpperFace
4,UpperFace
5,UpperFace
6,UpperFace
7,UpperFace
8,UpperFace
9,UpperFace
10,UpperFace
11,UpperFace
12,UpperFace
13,UpperFace
14,UpperFace
15,UpperFace
16,UpperFace
17,UpperFace
18,UpperFace
19,UpperFace
20,UpperFace
21,UpperFace
22,UpperFace
23,UpperFace
24,UpperFace
25,UpperFace
26,UpperFace
27,UpperFace
28,UpperFace
29,UpperFace
30,UpperFace
31,UpperFace
32,UpperFace
33,UpperFace
34,UpperFace
35,UpperFace
36,UpperFace
37,UpperFace
38,UpperFace
39,UpperFace
40,UpperFace
41,UpperFace
42,UpperFace
43,UpperFace
44,UpperFace
45,UpperFace
46,UpperFace
47,UpperFace
48,UpperFace
49,UpperFace
50,UpperFace
51,UpperFace
52,UpperFace
53,UpperFace
54,UpperFace
55,UpperFace
56,UpperFace
57,UpperFace
58,UpperFace
59,UpperFace
60,UpperFace
61,UpperFace
62,UpperFace
63,UpperFace
64,UpperFace
65,UpperFace
66,UpperFace
67,UpperFace
68,UpperFace
69,UpperFace
70,UpperFace
71,UpperFace
72,UpperFace
73,UpperFace
74,UpperFace
75,UpperFace
76,UpperFace
77,UpperFace
78,UpperFace
79,UpperFace
80,UpperFace
81,UpperFace
82,UpperFace
83,UpperFace
84,UpperFace
85,UpperFace
86,UpperFace
87,UpperFace
88,UpperFace
89,UpperFace
90,UpperFace
91,UpperFace
92,UpperFace
93,UpperFace
94,UpperFace
95,UpperFace
96,UpperFace
97,UpperFace
98,UpperFace
99,UpperFace
100,UpperFace
101,UpperFace
102,UpperFace
103,UpperFace
104,UpperFace
105,UpperFace
106,UpperFace
107,UpperFace
108,UpperFace
109,UpperFace
110,UpperFace
111,UpperFace
112,UpperFace
113,UpperFace
114,UpperFace
115,UpperFace
116,UpperFace
117,UpperFace
118,UpperFace
119,UpperFace
120,UpperFace
121,UpperFace
122,UpperFace
123,UpperFace
124,UpperFace
125,UpperFace
126,UpperFace
127,UpperFace
128,UpperFace
129,UpperFace
130,UpperFace
131,UpperFace
132,UpperFace
133,UpperFace
134,UpperFace
135,UpperFace
136,UpperFace
137,UpperFace
138,UpperFace
139,UpperFace
140,UpperFace
141,UpperFace
142,UpperFace
143,UpperFace
144,UpperFace
145,UpperFace
146,UpperFace
147,UpperFace
148,UpperFace
149,UpperFace
150,UpperFace
151,UpperFace
152,UpperFace
153,UpperFace
154,UpperFace
155,UpperFace
156,UpperFace
157,UpperFace
158,UpperFace
159,UpperFace
160,UpperFace
161,UpperFace
162,UpperFace
163,UpperFace
164,UpperFace
165,UpperFace
166,UpperFace
167,UpperFace
168,UpperFace
169,UpperFace
170,UpperFace
171,UpperFace
172,UpperFace
173,UpperFace
174,UpperFace
175,UpperFace
176,UpperFace
177,UpperFace
178,UpperFace
179,UpperFace
180,UpperFace
181,UpperFace
182,UpperFace
183,UpperFace
184,UpperFace
185,UpperFace
186,UpperFace
187,UpperFace
188,UpperFace
189,UpperFace
190,UpperFace
191,UpperFace
192,UpperFace
193,UpperFace
194,UpperFace
195,UpperFace
196,UpperFace
197,UpperFace
198,UpperFace
199,UpperFace
200,UpperFace
201,UpperFace
202,UpperFace
203,UpperFace
204,UpperFace
205,UpperFace
206,UpperFace
207,UpperFace
208,UpperFace
209,UpperFace
210,UpperFace
211,UpperFace
212,UpperFace
213,UpperFace
214,UpperFace
215,UpperFace
216,UpperFace
217,UpperFace
218,UpperFace
219,UpperFace
220,UpperFace
221,UpperFace
222,UpperFace
223,UpperFace
224,UpperFace
225,UpperFace
226,UpperFace
227,UpperFace
228,UpperFace
229,UpperFace
230,UpperFace
231,UpperFace
232,UpperFace
233,UpperFace
234,UpperFace
235,UpperFace
236,UpperFace
237,UpperFace
238,UpperFace
239,UpperFace
240,UpperFace
241,UpperFace
242,UpperFace
243,UpperFace
244,UpperFace
245,UpperFace
246,UpperFace
247,UpperFace
248,UpperFace
249,UpperFace
250,UpperFace
251,UpperFace
252,UpperFace
253,UpperFace
254,UpperFace
255,UpperFace
256,UpperFace
257,UpperFace
258,UpperFace
259,UpperFace
260,UpperFace
261,UpperFace
262,UpperFace
263,UpperFace
264,UpperFace
265,UpperFace
266,UpperFace
267,UpperFace
268,UpperFace
269,UpperFace
270,UpperFace
271,UpperFace
272,UpperFace
273,UpperFace
274,UpperFace
275,UpperFace
276,UpperFace
277,UpperFace
278,UpperFace
279,UpperFace
280,UpperFace
281,UpperFace
282,UpperFace
283,UpperFace
284,UpperFace
285,UpperFace
286,UpperFace
287,UpperFace
288,UpperFace
289,UpperFace
290,UpperFace
291,UpperFace
292,UpperFace
293,UpperFace
294,UpperFace
295,UpperFace
296,UpperFace
297,UpperFace
298,UpperFace
299,UpperFace
300,UpperFace
301,UpperFace
302,UpperFace
303,UpperFace
304,UpperFace
305,UpperFace
306,UpperFace
307,UpperFace
308,UpperFace
309,UpperFace
310,UpperFace
311,UpperFace
312,UpperFace
313,UpperFace
314,UpperFace
315,UpperFace
316,UpperFace
317,UpperFace
318,UpperFace
319,UpperFace
320,UpperFace
321,UpperFace
322,UpperFace
323,UpperFace
324,UpperFace
325,UpperFace
326,UpperFace
327,UpperFace
328,UpperFace
329,UpperFace
330,UpperFace
331,UpperFace
332,UpperFace
333,Nose
334,Nose
335,Nose
336,Nose
337,Nose
338,Nose
339,Nose
340,Nose
341,Nose
342,Nose
343,Nose
344,Nose
345,Nose
346,Nose
347,Nose
348,Nose
349,Nose
350,Nose
351,Nose
352,Nose
353,Nose
354,Nose
355,Nose
356,Nose
357,Nose
358,Nose
359,Nose
360,Nose
361,Nose
362,Nose
363,Nose
364,Nose
365,Nose
366,Nose
367,Nose
368,Nose
369,Nose
370,Nose
371,Nose
372,Nose
373,Nose
374,Nose
375,Nose
376,Nose
377,Nose
378,Nose
379,Nose
380,Nose
381,Nose
382,Nose
383,Nose
384,Nose
385,Nose
386,Nose
387,Nose
388,Nose
389,Nose
390,Nose
391,Nose
392,Nose
393,Nose
394,Nose
395,Nose
396,Nose
397,Nose
398,Nose
399,Nose
400,Nose
401,Nose
402,Nose
403,Nose
404,Nose
405,Nose
406,Nose
407,Nose
408,Nose
409,Nose
410,Nose
411,Nose
412,Nose
413,Nose
414,Nose
415,Nose
416,Nose
417,Nose
418,Nose
419,Nose
420,Nose
421,Nose
422,Nose
423,Nose
424,Nose
425,Nose
426,Nose
427,Nose
428,Nose
429,Nose
430,Nose
431,Nose
432,Nose
433,Nose
434,Nose
435,Nose
436,Nose
437,Nose
438,Nose
439,Nose
440,Nose
441,Nose
442,Nose
443,Nose
444,Nose
445,Nose
446,Nose
447,Nose
448,Nose
449,Nose
450,Nose
451,Nose
452,Nose
453,Nose
454,Nose
455,Nose
456,Nose
457,Nose
458,Nose
459,Nose
460,Nose
461,Nose
462,Nose
463,Nose
464,Nose
465,Nose
466,Nose
467,Nose
468,Nose
469,Nose
470,Nose
471,Nose
472,Nose
473,Nose
474,Nose
475,Nose
476,Nose
477,Nose
478,Nose
479,Jaw
480,Jaw
481,Jaw
482,Jaw
483,Jaw
484,Jaw
485,Jaw
486,Jaw
487,Jaw
488,Jaw
489,Jaw
490,Jaw
491,Jaw
492,Jaw
493,Jaw
494,Jaw
495,Jaw
496,Jaw
497,Jaw
498,Jaw
499,Jaw
500,Jaw
501,Jaw
502,Jaw
503,Jaw
504,Jaw
505,Jaw
506,Jaw
507,Jaw
508,Jaw
509,Jaw
510,Jaw
511,Jaw
512,Jaw
513,Jaw
514,Jaw
515,Jaw
516,Jaw
517,Jaw
518,Jaw
519,Jaw
520,Jaw
521,Jaw
522,Jaw
523,Jaw
524,Jaw
525,Jaw
526,Jaw
527,Jaw
528,Jaw
529,Jaw
530,Jaw
531,Jaw
532,Jaw
533,Jaw
534,Jaw
535,Jaw
536,Jaw
537,Jaw
538,Jaw
539,Jaw
540,Jaw
541,Jaw
542,Jaw
543,Jaw
544,Jaw
545,Jaw
546,Jaw
547,Jaw
548,Jaw
549,Jaw
550,Jaw
551,Jaw
552,Jaw
553,Jaw
554,Jaw
555,Jaw
556,Jaw
557,Jaw
558,Jaw
559,Jaw
560,Jaw
561,Jaw
562,Jaw
563,Jaw
564,Jaw
565,Jaw
566,Jaw
567,Jaw
568,Jaw
569,Jaw
570,Jaw
571,Jaw
572,Jaw
573,Jaw
574,Jaw
575,Jaw
576,Jaw
577,Jaw
578,Jaw
579,Jaw
580,Jaw
581,Jaw
582,Jaw
583,Jaw
584,Jaw
585,Jaw
586,Jaw
587,Jaw
588,Jaw
589,Jaw
590,Jaw
591,Jaw
592,Jaw
593,Jaw
594,Jaw
595,Jaw
596,Jaw
597,Jaw
598,Jaw
599,Jaw
600,Jaw
601,Jaw
602,Jaw
603,Jaw
604,Jaw
605,Jaw
606,Jaw
607,Jaw
608,Jaw
609,Jaw
610,Jaw
611,Jaw
612,Jaw
613,Jaw
614,Jaw
615,Jaw
616,Jaw
617,Jaw
618,Jaw
619,Jaw
620,Jaw
621,Jaw
622,Jaw
623,Jaw
624,Jaw
625,Jaw
626,Jaw
627,Jaw
628,Jaw
629,Jaw
630,Jaw
631,Jaw
632,Jaw
633,Jaw
634,Jaw
635,Jaw
636,Jaw
637,Jaw
638,Jaw
639,Jaw
640,Jaw
641,Jaw
642,Jaw
643,Jaw
644,Jaw
645,Jaw
646,Jaw
647,Jaw
648,Jaw
649,Jaw
650,Jaw
651,Jaw
652,Jaw
653,Jaw
654,Jaw
655,Jaw
656,Jaw
657,Jaw
658,Jaw
659,Jaw
660,Jaw
661,Jaw
662,Jaw
663,Jaw
664,Jaw
665,Jaw
666,Jaw
667,Jaw
668,Jaw
669,Jaw
670,Jaw
671,Jaw
672,Jaw
673,Jaw
674,Jaw
675,Jaw
676,Jaw
677,Jaw
678,Jaw
679,Jaw
680,Jaw
681,Jaw
682,Jaw
683,Jaw
684,Jaw
685,Jaw
686,Jaw
687,Jaw
688,Jaw
689,Jaw
690,Jaw
691,Jaw
692,Jaw
693,Jaw
694,Jaw
695,Jaw
696,Jaw
697,Jaw
698,Jaw
699,Jaw
700,Jaw
701,Jaw
702,Jaw
703,Jaw
704,Jaw
705,Jaw
706,Jaw
707,Jaw
708,Jaw
709,Jaw
710,Jaw
711,Jaw
712,Jaw
713,Jaw
714,Jaw
715,Jaw
716,Jaw
717,Jaw
718,Jaw
719,Jaw
720,Jaw
721,Jaw
722,Jaw
723,Jaw
724,Jaw
725,Jaw
726,Jaw
727,Jaw
728,Jaw
729,Jaw
730,Jaw
731,Jaw
732,Jaw
733,Jaw
734,Jaw
735,Jaw
736,Jaw
737,Jaw
738,Jaw
739,Jaw
740,Jaw
741,Jaw
742,Jaw
743,Jaw
744,Jaw
745,Jaw
746,Jaw
747,Jaw
748,Jaw
749,Jaw
750,Jaw
751,Jaw
752,Jaw
753,Jaw
754,Jaw
755,Jaw
756,Jaw
757,Jaw
758,Jaw
759,Jaw
760,Jaw
761,Jaw
762,Jaw
763,Jaw
764,Jaw
765,Jaw
766,Jaw
767,Jaw
768,Jaw
769,Jaw
770,Jaw
771,Jaw
772,Jaw
773,Jaw
774,Jaw
775,Jaw
776,Jaw
777,Jaw
778,Jaw
779,Jaw
780,Jaw
781,Jaw
782,Jaw
783,Jaw
784,Jaw
785,Jaw
786,Jaw
787,Jaw
788,Jaw
789,Eyes
790,Eyes
791,Eyes
792,Eyes
793,Eyes
794,Eyes
795,Eyes
796,Eyes
797,Eyes
798,Eyes
799,Eyes
800,Eyes
801,Eyes
802,Eyes
803,Eyes
804,Eyes
805,Eyes
806,Eyes
807,Eyes
808,Eyes
809,Eyes
810,Eyes
811,Eyes
812,Eyes
813,Eyes
814,Eyes
815,Mouth
816,Mouth
817,Mouth
818,Mouth
819,Mouth
820,Mouth
821,Mouth
822,Mouth
823,Mouth
824,Mouth
825,Mouth
826,Mouth
827,Ears
828,Ears
829,Ears
830,Ears
831,Ears
832,Ears
833,Ears
834,Ears
835,Ears
836,Ears
837,Ears
838,Ears
839,Ears
840,Ears
841,Ears
842,Ears
843,Ears
844,Ears
845,Ears
846,Ears
847,Ears
848,Ears
849,Ears
850,Ears
851,Ears
852,Ears
853,Ears
854,Ears
855,Ears
856,Ears
857,Ears
858,Ears
859,Ears
860,Ears
861,Ears
862,Ears
863,Ears
864,Ears
865,Ears
866,Ears
867,Ears
868,Ears
869,Ears
870,Ears
871,Ears
872,Ears
873,Ears
874,Ears
875,Ears
876,Ears
877,Ears
878,Ears
879,Ears
880,Ears
881,Ears
882,Ears
883,Ears
884,Ears
885,Ears
886,Ears
887,Ears
888,Ears
889,Ears
890,Ears
891,Ears
892,Ears
893,Ears
894,Ears
895,Ears
896,Ears
897,Ears
898,Ears
899,Ears
900,Ears
901,Ears
902,Ears
903,Ears
904,Ears
905,Ears
906,Ears
907,Ears
908,Ears
909,Ears
910,Ears
911,Ears
912,Ears
913,Ears
914,Ears
915,Ears
916,Ears
917,Ears
918,Ears
919,Ears
920,Ears
921,Ears
922,Ears
923,Ears
924,Ears
925,Ears
926,Ears
927,Ears
928,Ears
929,Ears
930,Ears
931,Ears
932,Ears
933,Ears
934,Ears
935,Ears
936,Ears
937,Ears
938,Ears
939,Ears
940,Ears
941,Ears
942,Ears
943,Ears
944,Ears
945,Ears
946,Ears
947,Ears
948,Ears
949,Ears
950,Ears
951,Ears
952,Ears
953,Ears
954,Ears
955,Ears
956,Ears
957,Ears
958,Ears
959,Ears
960,Ears
961,Ears
962,Ears
963,Ears
964,Ears
965,Ears
966,Ears
967,Ears
968,Ears
969,Ears
970,Ears
971,Ears
972,Ears
973,Ears
974,Ears
975,Ears
976,Ears
977,Ears
978,Ears
979,Ears
980,Ears
981,Ears
982,Ears
983,Ears
984,Ears
985,Ears
986,Ears
987,Ears
988,Ears
989,Ears
990,Ears
991,Ears
992,Ears
993,Ears
994,Ears
995,Ears
996,Ears
997,Ears
998,Ears
999,Ears
1000,Ears
1001,Ears
1002,Ears
1003,Ears
1004,Ears
1005,Ears
1006,Ears
1007,Ears
1008,Ears
1009,Ears
1010,Ears
1011,Ears
1012,Ears
1013,Ears
1014,Ears
1015,Ears
1016,Ears
1017,Ears
1018,Ears
1019,Ears
1020,Ears
1021,Ears
1022,Ears
1023,Ears
1024,Ears
1025,Ears
1026,Ears
1027,Ears
1028,Ears
1029,Ears
1030,Ears
1031,Ears
1032,Ears
1033,Ears
1034,Ears
1035,Ears
1036,Ears
1037,Ears
1038,Ears
1039,Ears
1040,Ears
1041,Ears
1042,Ears
1043,Ears
1044,Ears
1045,Ears
1046,Ears
1047,Ears
1048,Ears
1049,Ears
1050,Ears
1051,Ears
1052,Ears
1053,Ears
1054,Ears
1055,Ears
1056,Ears
1057,Ears
1058,Ears
1059,Ears
1060,Ears
1061,Ears
1062,Ears
1063,Ears
1064,Ears
1065,Ears
1066,Ears
1067,Ears
1068,Ears
1069,Ears
1070,Ears
1071,Ears
1072,Ears
1073,Ears
1074,Ears
1075,Ears
1076,Ears
1077,Ears
1078,Ears
1079,Ears
1080,Ears
1081,Ears
1082,Ears
1083,Ears
1084,Ears
1085,Ears
1086,Ears
1087,Ears
1088,Ears
1089,Ears
1090,Ears
1091,Ears
1092,Ears
1093,Scalp
1094,Scalp
1095,Scalp
1096,Scalp
1097,Scalp
1098,Scalp
1099,Scalp
1100,Scalp
1101,Scalp
1102,Scalp
1103,Scalp
1104,Scalp
1105,Scalp
1106,Scalp
1107,Scalp
1108,Scalp
1109,Scalp
1110,Scalp
1111,Scalp
1112,Scalp
1113,Scalp
1114,Scalp
1115,Scalp
1116,Scalp
1117,Scalp
1118,Scalp
1119,Scalp
1120,Scalp
1121,Scalp
1122,Scalp
1123,Scalp
1124,Scalp
1125,Scalp
1126,Scalp
1127,Scalp
1128,Scalp
1129,Scalp
1130,Scalp
1131,Scalp
1132,Scalp
1133,Scalp
1134,Scalp
1135,Scalp
1136,Scalp
1137,Scalp
1138,Scalp
1139,Scalp
1140,Scalp
1141,Scalp
1142,Scalp
1143,Scalp
1144,Scalp
1145,Scalp
1146,Scalp
1147,Scalp
1148,Scalp
1149,Scalp
1150,Scalp
1151,Scalp
1152,Scalp
1153,Scalp
1154,Scalp
1155,Scalp
1156,Scalp
1157,Scalp
1158,Scalp
1159,Scalp
1160,Scalp
1161,Scalp
1162,Scalp
1163,Scalp
1164,Scalp
1165,Scalp
1166,Scalp
1167,Scalp
1168,Scalp
1169,Scalp
1170,Scalp
1171,Scalp
1172,Scalp
1173,Scalp
1174,Scalp
1175,Scalp
1176,Scalp
1177,Scalp
1178,Scalp
1179,Scalp
1180,Scalp
1181,Scalp
1182,Scalp
1183,Scalp
1184,Scalp
1185,Scalp
1186,Scalp
1187,Scalp
1188,Scalp
1189,Scalp
1190,Scalp
1191,Scalp
1192,Scalp
1193,Scalp
1194,Scalp
1195,Scalp
1196,Scalp
1197,Scalp
1198,Scalp
1199,Scalp
1200,Scalp
1201,Scalp
1202,Scalp
1203,Scalp
1204,Scalp
1205,Scalp
1206,Scalp
1207,Scalp
1208,Scalp
1209,Scalp
1210,Scalp
1211,Scalp
1212,Scalp
1213,Scalp
1214,Scalp
1215,Scalp
1216,Scalp
1217,Scalp
1218,Scalp
1219,Scalp
1220,Scalp
1221,Scalp
1222,Scalp
1223,Scalp
1224,Scalp
1225,Scalp
1226,Scalp
1227,Scalp
1228,Scalp
1229,Scalp
1230,Scalp
1231,Scalp
1232,Scalp
1233,Scalp
1234,Scalp
1235,Scalp
1236,Scalp
1237,Scalp
1238,Scalp
1239,Scalp
1240,Scalp
1241,Scalp
1242,Scalp
1243,Scalp
1244,Scalp
1245,Scalp
1246,Scalp
1247,Scalp
1248,Scalp
1249,Scalp
1250,Scalp
1251,Scalp
1252,Scalp
1253,Scalp
1254,Scalp
1255,Scalp
1256,Scalp
1257,Scalp
1258,Scalp
1259,Scalp
1260,Scalp
1261,Scalp
1262,Scalp
1263,Scalp
1264,Scalp
1265,Scalp
1266,Scalp
1267,Scalp
1268,Scalp
1269,Scalp
1270,Scalp
1271,Scalp
1272,Scalp
1273,Scalp
1274,Scalp
1275,Neck
1276,Neck
1277,Neck
1278,Neck
1279,Neck
1280,Neck
1281,Neck
1282,Neck
1283,Neck
1284,Neck
1285,Neck
1286,Neck
1287,Neck
1288,Neck
1289,Neck
1290,Neck
1291,Neck
1292,Neck
1293,Neck
1294,Neck
1295,Neck
1296,Neck
1297,Neck
1298,Neck
1299,Neck
1300,Neck
1301,Neck
1302,Neck
1303,Neck
1304,Neck
1305,Neck
1306,Neck
1307,Neck
1308,Neck
1309,Neck
1310,Neck
1311,Neck
1312,Neck
1313,Neck
1314,Neck
1315,Neck
1316,Neck
1317,Neck
1318,Neck
1319,Neck
1320,Neck
1321,Neck
1322,Neck
1323,Neck
1324,Neck
1325,Neck
1326,Neck
1327,Neck
1328,Neck
1329,Neck
1330,Neck
1331,Neck
1332,Neck
1333,Neck
1334,Neck
1335,Neck
1336,Neck
1337,Neck
1338,Neck
1339,Neck
1340,Neck
1341,Neck
1342,Neck
1343,Neck
1344,Neck
1345,Neck
1346,Neck
1347,Neck
1348,Neck
1349,Neck
1350,Neck
1351,Neck
1352,Neck
1353,Neck
1354,Neck
1355,Neck
1356,Neck
1357,Neck
1358,Neck
1359,Neck
1360,Neck
1361,Neck
1362,Neck
